{
	"star": "i Sco",
	"mag": 4.72,
	"targets": {
		"1.203729612": {
			"angsep": 2.505
		},
		"2.203726858": {
			"angsep": 2.631
		},
		"3.203749579": {
			"angsep": 2.987
		},
		"4.203747663": {
			"angsep": 3.051
		}
	}
}
