{
	"star": "omega Sco",
	"mag": 3.92,
	"targets": {
		"1.204833284": {
			"angsep": 2.273
		},
		"2.204822761": {
			"angsep": 2.475
		}
	}
}
