{
	"targets": {
		"1.204367097": {
			"angsep": 0.778
		},
		"2.204358459": {
			"angsep": 2.254
		},
		"3.204356633": {
			"angsep": 2.725
		},
		"4.204374865": {
			"angsep": 2.813
		},
		"5.204361003": {
			"angsep": 4.591
		},
		"6.204385179": {
			"angsep": 4.963
		},
		"7.204372728": {
			"angsep": 5.233
		}
	}
}
