{
	"star": "sigma Sco",
	"mag": 3.02,
	"targets": {
		"1.203598787": {
			"angsep": 0.334
		},
		"2.203625455": {
			"angsep": 5.610
		}
	}
}
